{
    "host":"localhost",
    "port":3306,
    "admin":"root",
    "adminpassword":"",
    "user":"oliver",
    "userpassword":"secret",
    "dropuser":true,
    "debug":true,
    "database":"computerdb",
    "tables":[
        {
            "tableName":"computer",
            "columns":[
                "id integer not null primary key",
                "name varchar(16) not null",
                "type varchar(28) not null",
                "processor varchar(17) not null",
                "amount integer not null"
            ],
            "data":[
                [1,"Beast 2","server","Selenium 2",100],
                [2, "Cera2400","tabletop","Brain 456",25]
            ]
        }
    ]

}