{
    "host":"localhost",
    "port":3306,
    "admin":"root",
    "adminpassword":"",
    "user"  :"matt",
    "userpassword":"secret",
    "dropuser":true,
    "debug":true,
    "database":"employeedb2",
    
    "tables":[
        {
            "tableName":"employee",
            "columns":[
                "employeeId integer not null primary key",
                "firstname varchar(20) not  null",
                "lastname varchar(30) not null",
                "department varchar(15)",
                "salary decimal(6,2)"

            ],
            "data":[
                [1,"Leila","Heikki","ICT",5000],
                [2,"Matt","River","admin",3000]
            ]
        }
    ]
}