[
    {
        "firstname":"Matt",
        "lastname":"River",
        "books":[
            {"name":"ABC", "pages":300, "price":30},
            {"name":"Programming Javascript", "pages":900, "price":50},
            {"name":"Testing", "pages":100, "price":45}
        ]
    },
    {
        "firstname":"Leila",
        "lastname":"Hökki",
        "books":[
            {"name":"ABC", "pages":300, "price":30},
            {"name":"Programming ABC", "pages":50, "price":10},
            {"name":"Adventures of a programmer", "pages":250, "price":40}
        ]
    },
    {
        "firstname":"Vera",
        "lastname":"River",
        "books":[]
    }
]