[
  {
    "day": 1,
    "temp": 23,
    "rain": 4,
    "cloud": 4,
    "cloudSymbol": "⛈"
  },
  {
    "day": 2,
    "temp": 27,
    "rain": 4,
    "cloud": 4,
    "cloudSymbol": "⛈"
  },
  {
    "day": 3,
    "temp": 6,
    "rain": 2,
    "cloud": 2,
    "cloudSymbol": "☁"
  },
  {
    "day": 4,
    "temp": 12,
    "rain": 4,
    "cloud": 4,
    "cloudSymbol": "⛈"
  },
  {
    "day": 5,
    "temp": 4,
    "rain": 3,
    "cloud": 3,
    "cloudSymbol": "☂"
  },
  {
    "day": 6,
    "temp": 5,
    "rain": 0,
    "cloud": 0,
    "cloudSymbol": "☀"
  },
  {
    "day": 7,
    "temp": 19,
    "rain": 1,
    "cloud": 1,
    "cloudSymbol": "⛅"
  },
  {
    "day": 8,
    "temp": 2,
    "rain": 4,
    "cloud": 4,
    "cloudSymbol": "⛈"
  },
  {
    "day": 9,
    "temp": 3,
    "rain": 1,
    "cloud": 1,
    "cloudSymbol": "⛅"
  },
  {
    "day": 10,
    "temp": 25,
    "rain": 0,
    "cloud": 0,
    "cloudSymbol": "☀"
  },
  {
    "day": 11,
    "temp": 9,
    "rain": 3,
    "cloud": 3,
    "cloudSymbol": "☂"
  },
  {
    "day": 12,
    "temp": 28,
    "rain": 2,
    "cloud": 2,
    "cloudSymbol": "☁"
  },
  {
    "day": 13,
    "temp": 15,
    "rain": 4,
    "cloud": 4,
    "cloudSymbol": "⛈"
  },
  {
    "day": 14,
    "temp": 0,
    "rain": 3,
    "cloud": 3,
    "cloudSymbol": "☂"
  },
  {
    "day": 15,
    "temp": 26,
    "rain": 3,
    "cloud": 3,
    "cloudSymbol": "☂"
  },
  {
    "day": 16,
    "temp": 24,
    "rain": 2,
    "cloud": 2,
    "cloudSymbol": "☁"
  },
  {
    "day": 17,
    "temp": 3,
    "rain": 2,
    "cloud": 2,
    "cloudSymbol": "☁"
  },
  {
    "day": 18,
    "temp": 23,
    "rain": 2,
    "cloud": 2,
    "cloudSymbol": "☁"
  },
  {
    "day": 19,
    "temp": 7,
    "rain": 1,
    "cloud": 1,
    "cloudSymbol": "⛅"
  },
  {
    "day": 20,
    "temp": 20,
    "rain": 1,
    "cloud": 1,
    "cloudSymbol": "⛅"
  },
  {
    "day": 21,
    "temp": 27,
    "rain": 4,
    "cloud": 4,
    "cloudSymbol": "⛈"
  },
  {
    "day": 22,
    "temp": 29,
    "rain": 1,
    "cloud": 1,
    "cloudSymbol": "⛅"
  },
  {
    "day": 23,
    "temp": 28,
    "rain": 3,
    "cloud": 3,
    "cloudSymbol": "☂"
  },
  {
    "day": 24,
    "temp": 17,
    "rain": 1,
    "cloud": 1,
    "cloudSymbol": "⛅"
  },
  {
    "day": 25,
    "temp": 10,
    "rain": 4,
    "cloud": 4,
    "cloudSymbol": "⛈"
  },
  {
    "day": 26,
    "temp": 7,
    "rain": 0,
    "cloud": 0,
    "cloudSymbol": "☀"
  },
  {
    "day": 27,
    "temp": 3,
    "rain": 2,
    "cloud": 2,
    "cloudSymbol": "☁"
  },
  {
    "day": 28,
    "temp": 1,
    "rain": 4,
    "cloud": 4,
    "cloudSymbol": "⛈"
  },
  {
    "day": 29,
    "temp": 30,
    "rain": 1,
    "cloud": 1,
    "cloudSymbol": "⛅"
  },
  {
    "day": 30,
    "temp": 26,
    "rain": 0,
    "cloud": 0,
    "cloudSymbol": "☀"
  },
  {
    "day": 31,
    "temp": 21,
    "rain": 3,
    "cloud": 3,
    "cloudSymbol": "☂"
  }
]
