<!--

    Copyright (C) cedarsoft GmbH.

    Licensed under the GNU General Public License version 3 (the "License")
    with Classpath Exception; you may not use this file except in compliance
    with the License. You may obtain a copy of the License at

            http://www.cedarsoft.org/gpl3ce
            (GPL 3 with Classpath Exception)

    This code is free software; you can redistribute it and/or modify it
    under the terms of the GNU General Public License version 3 only, as
    published by the Free Software Foundation. cedarsoft GmbH designates this
    particular file as subject to the "Classpath" exception as provided
    by cedarsoft GmbH in the LICENSE file that accompanied this code.

    This code is distributed in the hope that it will be useful, but WITHOUT
    ANY WARRANTY; without even the implied warranty of MERCHANTABILITY or
    FITNESS FOR A PARTICULAR PURPOSE.  See the GNU General Public License
    version 3 for more details (a copy is included in the LICENSE file that
    accompanied this code).

    You should have received a copy of the GNU General Public License version
    3 along with this work; if not, write to the Free Software Foundation,
    Inc., 51 Franklin St, Fifth Floor, Boston, MA 02110-1301 USA.

    Please contact cedarsoft GmbH, 72810 Gomaringen, Germany,
    or visit www.cedarsoft.com if you need additional information or
    have any questions.

-->

<project xmlns="http://maven.apache.org/DECORATION/1.0.0"
         xmlns:xsi="http://www.w3.org/2001/XMLSchema-instance"
         xsi:schemaLocation="http://maven.apache.org/DECORATION/1.0.0 http://maven.apache.org/xsd/decoration-1.0.0.xsd">

  <bannerLeft>
    <name>${project.name}</name>
    <src>http://cedarsoft.org/Firebase-tutorial/$artifactId.jpg</src>
    <href>index.html</href>
  </bannerLeft>

  <body>

    <menu name="Overview">
      <item name="Introduction" href="index.html" />
      <!--<item name="Usage" href="usage.html" />-->
      <!--<item name="Downloads" href="downloads.html" />-->
      <!--<item name="Integration" href="integration.html" />-->
      <item name="FAQs" href="faqs.html" />
    </menu>

    <menu ref="modules" inherit="bottom" />
    <menu ref="parent" inherit="bottom" />
    <menu ref="reports" inherit="bottom" />
  </body>
</project>
